[
    {
        "city": "Mumbai",
        "state": "Maharashtra",
        "lat": 19.076,
        "lng": 72.8777
    },
    {
        "city": "Delhi",
        "state": "Delhi",
        "lat": 28.7041,
        "lng": 77.1025
    },
    {
        "city": "Bangalore",
        "state": "Karnataka",
        "lat": 12.9716,
        "lng": 77.5946
    },
    {
        "city": "Hyderabad",
        "state": "Telangana",
        "lat": 17.385,
        "lng": 78.4867
    },
    {
        "city": "Ahmedabad",
        "state": "Gujarat",
        "lat": 23.0225,
        "lng": 72.5714
    },
    {
        "city": "Chennai",
        "state": "Tamil Nadu",
        "lat": 13.0827,
        "lng": 80.2707
    },
    {
        "city": "Kolkata",
        "state": "West Bengal",
        "lat": 22.5726,
        "lng": 88.3639
    },
    {
        "city": "Pune",
        "state": "Maharashtra",
        "lat": 18.5204,
        "lng": 73.8567
    },
    {
        "city": "Jaipur",
        "state": "Rajasthan",
        "lat": 26.9124,
        "lng": 75.7873
    },
    {
        "city": "Surat",
        "state": "Gujarat",
        "lat": 21.1702,
        "lng": 72.8311
    },
    {
        "city": "Lucknow",
        "state": "Uttar Pradesh",
        "lat": 26.8467,
        "lng": 80.9462
    },
    {
        "city": "Kanpur",
        "state": "Uttar Pradesh",
        "lat": 26.4499,
        "lng": 80.3319
    },
    {
        "city": "Nagpur",
        "state": "Maharashtra",
        "lat": 21.1458,
        "lng": 79.0882
    },
    {
        "city": "Indore",
        "state": "Madhya Pradesh",
        "lat": 22.7196,
        "lng": 75.8577
    },
    {
        "city": "Thane",
        "state": "Maharashtra",
        "lat": 19.2183,
        "lng": 72.9781
    },
    {
        "city": "Bhopal",
        "state": "Madhya Pradesh",
        "lat": 23.2599,
        "lng": 77.4126
    },
    {
        "city": "Visakhapatnam",
        "state": "Andhra Pradesh",
        "lat": 17.6868,
        "lng": 83.2185
    },
    {
        "city": "Patna",
        "state": "Bihar",
        "lat": 25.6093,
        "lng": 85.1376
    },
    {
        "city": "Vadodara",
        "state": "Gujarat",
        "lat": 22.3072,
        "lng": 73.1812
    },
    {
        "city": "Ghaziabad",
        "state": "Uttar Pradesh",
        "lat": 28.6692,
        "lng": 77.4538
    },
    {
        "city": "Ludhiana",
        "state": "Punjab",
        "lat": 30.901,
        "lng": 75.8573
    },
    {
        "city": "Agra",
        "state": "Uttar Pradesh",
        "lat": 27.1767,
        "lng": 78.0081
    },
    {
        "city": "Nashik",
        "state": "Maharashtra",
        "lat": 19.9975,
        "lng": 73.7898
    },
    {
        "city": "Faridabad",
        "state": "Haryana",
        "lat": 28.4089,
        "lng": 77.3178
    },
    {
        "city": "Meerut",
        "state": "Uttar Pradesh",
        "lat": 28.9845,
        "lng": 77.7064
    },
    {
        "city": "Rajkot",
        "state": "Gujarat",
        "lat": 22.3039,
        "lng": 70.8022
    },
    {
        "city": "Varanasi",
        "state": "Uttar Pradesh",
        "lat": 25.3176,
        "lng": 82.9739
    },
    {
        "city": "Srinagar",
        "state": "Jammu and Kashmir",
        "lat": 34.0837,
        "lng": 74.7973
    },
    {
        "city": "Aurangabad",
        "state": "Maharashtra",
        "lat": 19.8762,
        "lng": 75.3433
    },
    {
        "city": "Dhanbad",
        "state": "Jharkhand",
        "lat": 23.7957,
        "lng": 86.4304
    },
    {
        "city": "Amritsar",
        "state": "Punjab",
        "lat": 31.634,
        "lng": 74.8723
    },
    {
        "city": "Navi Mumbai",
        "state": "Maharashtra",
        "lat": 19.033,
        "lng": 73.0297
    },
    {
        "city": "Allahabad",
        "state": "Uttar Pradesh",
        "lat": 25.4358,
        "lng": 81.8463
    },
    {
        "city": "Howrah",
        "state": "West Bengal",
        "lat": 22.5958,
        "lng": 88.2636
    },
    {
        "city": "Ranchi",
        "state": "Jharkhand",
        "lat": 23.3441,
        "lng": 85.3096
    },
    {
        "city": "Gwalior",
        "state": "Madhya Pradesh",
        "lat": 26.2183,
        "lng": 78.1828
    },
    {
        "city": "Jabalpur",
        "state": "Madhya Pradesh",
        "lat": 23.1815,
        "lng": 79.9864
    },
    {
        "city": "Coimbatore",
        "state": "Tamil Nadu",
        "lat": 11.0168,
        "lng": 76.9558
    },
    {
        "city": "Vijayawada",
        "state": "Andhra Pradesh",
        "lat": 16.5062,
        "lng": 80.648
    },
    {
        "city": "Jodhpur",
        "state": "Rajasthan",
        "lat": 26.2389,
        "lng": 73.0243
    },
    {
        "city": "Madurai",
        "state": "Tamil Nadu",
        "lat": 9.9252,
        "lng": 78.1198
    },
    {
        "city": "Raipur",
        "state": "Chhattisgarh",
        "lat": 21.2514,
        "lng": 81.6296
    },
    {
        "city": "Kota",
        "state": "Rajasthan",
        "lat": 25.2138,
        "lng": 75.8648
    },
    {
        "city": "Chandigarh",
        "state": "Chandigarh",
        "lat": 30.7333,
        "lng": 76.7794
    },
    {
        "city": "Guwahati",
        "state": "Assam",
        "lat": 26.1445,
        "lng": 91.7362
    },
    {
        "city": "Solapur",
        "state": "Maharashtra",
        "lat": 17.6599,
        "lng": 75.9064
    },
    {
        "city": "Hubli",
        "state": "Karnataka",
        "lat": 15.3647,
        "lng": 75.124
    },
    {
        "city": "Tiruchirappalli",
        "state": "Tamil Nadu",
        "lat": 10.7905,
        "lng": 78.7047
    },
    {
        "city": "Bareilly",
        "state": "Uttar Pradesh",
        "lat": 28.367,
        "lng": 79.4304
    },
    {
        "city": "Mysuru",
        "state": "Karnataka",
        "lat": 12.2958,
        "lng": 76.6394
    },
    {
        "city": "Thiruvananthapuram",
        "state": "Kerala",
        "lat": 8.5241,
        "lng": 76.9366
    },
    {
        "city": "Gurugram",
        "state": "Haryana",
        "lat": 28.4595,
        "lng": 77.0266
    },
    {
        "city": "Noida",
        "state": "Uttar Pradesh",
        "lat": 28.5355,
        "lng": 77.391
    },
    {
        "city": "Dehradun",
        "state": "Uttarakhand",
        "lat": 30.3165,
        "lng": 78.0322
    },
    {
        "city": "Mangaluru",
        "state": "Karnataka",
        "lat": 12.9141,
        "lng": 74.856
    },
    {
        "city": "Jammu",
        "state": "Jammu and Kashmir",
        "lat": 32.7266,
        "lng": 74.857
    },
    {
        "city": "Kochi",
        "state": "Kerala",
        "lat": 9.9312,
        "lng": 76.2673
    },
    {
        "city": "Bhubaneswar",
        "state": "Odisha",
        "lat": 20.2961,
        "lng": 85.8245
    },
    {
        "city": "Salem",
        "state": "Tamil Nadu",
        "lat": 11.6643,
        "lng": 78.146
    },
    {
        "city": "Warangal",
        "state": "Telangana",
        "lat": 17.9784,
        "lng": 79.5941
    },
    {
        "city": "Guntur",
        "state": "Andhra Pradesh",
        "lat": 16.3067,
        "lng": 80.4365
    },
    {
        "city": "Bhiwandi",
        "state": "Maharashtra",
        "lat": 19.2965,
        "lng": 73.0691
    },
    {
        "city": "Saharanpur",
        "state": "Uttar Pradesh",
        "lat": 29.9681,
        "lng": 77.5552
    },
    {
        "city": "Gorakhpur",
        "state": "Uttar Pradesh",
        "lat": 26.7606,
        "lng": 83.3732
    },
    {
        "city": "Bikaner",
        "state": "Rajasthan",
        "lat": 28.0229,
        "lng": 73.3119
    },
    {
        "city": "Amravati",
        "state": "Maharashtra",
        "lat": 20.932,
        "lng": 77.7523
    },
    {
        "city": "Noida",
        "state": "Uttar Pradesh",
        "lat": 28.5355,
        "lng": 77.391
    },
    {
        "city": "Jamshedpur",
        "state": "Jharkhand",
        "lat": 22.8046,
        "lng": 86.2029
    },
    {
        "city": "Bhilai",
        "state": "Chhattisgarh",
        "lat": 21.2093,
        "lng": 81.3784
    },
    {
        "city": "Cuttack",
        "state": "Odisha",
        "lat": 20.4625,
        "lng": 85.883
    },
    {
        "city": "Firozabad",
        "state": "Uttar Pradesh",
        "lat": 27.1585,
        "lng": 78.394
    },
    {
        "city": "Kurnool",
        "state": "Andhra Pradesh",
        "lat": 15.8281,
        "lng": 78.0373
    },
    {
        "city": "Kolhapur",
        "state": "Maharashtra",
        "lat": 16.705,
        "lng": 74.2433
    },
    {
        "city": "Ajmer",
        "state": "Rajasthan",
        "lat": 26.4499,
        "lng": 74.6399
    },
    {
        "city": "Anantapur",
        "state": "Andhra Pradesh",
        "lat": 14.6819,
        "lng": 77.6006
    },
    {
        "city": "Erode",
        "state": "Tamil Nadu",
        "lat": 11.341,
        "lng": 77.7172
    },
    {
        "city": "Udaipur",
        "state": "Rajasthan",
        "lat": 24.5854,
        "lng": 73.7125
    },
    {
        "city": "Siliguri",
        "state": "West Bengal",
        "lat": 26.7271,
        "lng": 88.3953
    },
    {
        "city": "Vellore",
        "state": "Tamil Nadu",
        "lat": 12.9165,
        "lng": 79.1325
    },
    {
        "city": "Jhansi",
        "state": "Uttar Pradesh",
        "lat": 25.4484,
        "lng": 78.5685
    },
    {
        "city": "Nellore",
        "state": "Andhra Pradesh",
        "lat": 14.4426,
        "lng": 79.9865
    },
    {
        "city": "Ujjain",
        "state": "Madhya Pradesh",
        "lat": 23.1765,
        "lng": 75.7885
    },
    {
        "city": "Davangere",
        "state": "Karnataka",
        "lat": 14.4644,
        "lng": 75.9218
    },
    {
        "city": "Bilaspur",
        "state": "Chhattisgarh",
        "lat": 22.0797,
        "lng": 82.1409
    },
    {
        "city": "Asansol",
        "state": "West Bengal",
        "lat": 23.6739,
        "lng": 86.9524
    },
    {
        "city": "Tiruppur",
        "state": "Tamil Nadu",
        "lat": 11.1085,
        "lng": 77.3411
    },
    {
        "city": "Jamnagar",
        "state": "Gujarat",
        "lat": 22.4707,
        "lng": 70.0577
    },
    {
        "city": "Latur",
        "state": "Maharashtra",
        "lat": 18.4088,
        "lng": 76.5604
    },
    {
        "city": "Dhule",
        "state": "Maharashtra",
        "lat": 20.9042,
        "lng": 74.7749
    },
    {
        "city": "Tirunelveli",
        "state": "Tamil Nadu",
        "lat": 8.7139,
        "lng": 77.7567
    },
    {
        "city": "Mathura",
        "state": "Uttar Pradesh",
        "lat": 27.4924,
        "lng": 77.6737
    },
    {
        "city": "Shimla",
        "state": "Himachal Pradesh",
        "lat": 31.1048,
        "lng": 77.1734
    },
    {
        "city": "Gandhinagar",
        "state": "Gujarat",
        "lat": 23.2156,
        "lng": 72.6369
    },
    {
        "city": "Panaji",
        "state": "Goa",
        "lat": 15.4909,
        "lng": 73.8278
    },
    {
        "city": "Imphal",
        "state": "Manipur",
        "lat": 24.817,
        "lng": 93.9368
    },
    {
        "city": "Shillong",
        "state": "Meghalaya",
        "lat": 25.5788,
        "lng": 91.8933
    },
    {
        "city": "Aizawl",
        "state": "Mizoram",
        "lat": 23.7271,
        "lng": 92.7176
    },
    {
        "city": "Kohima",
        "state": "Nagaland",
        "lat": 25.6751,
        "lng": 94.1086
    },
    {
        "city": "Agartala",
        "state": "Tripura",
        "lat": 23.8315,
        "lng": 91.2868
    },
    {
        "city": "Itanagar",
        "state": "Arunachal Pradesh",
        "lat": 27.0844,
        "lng": 93.6053
    },
    {
        "city": "Gangtok",
        "state": "Sikkim",
        "lat": 27.3389,
        "lng": 88.6065
    },
    {
        "city": "Silvassa",
        "state": "Dadra and Nagar Haveli",
        "lat": 20.2766,
        "lng": 73.0088
    },
    {
        "city": "Daman",
        "state": "Daman and Diu",
        "lat": 20.397,
        "lng": 72.8328
    },
    {
        "city": "Kavaratti",
        "state": "Lakshadweep",
        "lat": 10.5593,
        "lng": 72.6358
    },
    {
        "city": "Port Blair",
        "state": "Andaman and Nicobar Islands",
        "lat": 11.6234,
        "lng": 92.7265
    },
    {
        "city": "Pondicherry",
        "state": "Puducherry",
        "lat": 11.9416,
        "lng": 79.8083
    },
    {
        "city": "Bhuj",
        "state": "Gujarat",
        "lat": 23.2419,
        "lng": 69.6669
    },
    {
        "city": "Mundra",
        "state": "Gujarat",
        "lat": 22.8395,
        "lng": 69.7213
    },
    {
        "city": "Anand",
        "state": "Gujarat",
        "lat": 22.556,
        "lng": 72.9511
    },
    {
        "city": "Bharuch",
        "state": "Gujarat",
        "lat": 21.6944,
        "lng": 72.9956
    },
    {
        "city": "Junagadh",
        "state": "Gujarat",
        "lat": 21.5222,
        "lng": 70.4579
    },
    {
        "city": "Navsari",
        "state": "Gujarat",
        "lat": 20.9467,
        "lng": 72.952
    },
    {
        "city": "Porbandar",
        "state": "Gujarat",
        "lat": 21.6417,
        "lng": 69.6293
    },
    {
        "city": "Surendranagar",
        "state": "Gujarat",
        "lat": 22.7201,
        "lng": 71.6495
    },
    {
        "city": "Vapi",
        "state": "Gujarat",
        "lat": 20.3893,
        "lng": 72.9106
    },
    {
        "city": "Veraval",
        "state": "Gujarat",
        "lat": 20.9064,
        "lng": 70.3627
    },
    {
        "city": "Morbi",
        "state": "Gujarat",
        "lat": 22.8173,
        "lng": 70.8377
    },
    {
        "city": "Mehsana",
        "state": "Gujarat",
        "lat": 23.5879,
        "lng": 72.3693
    },
    {
        "city": "Palanpur",
        "state": "Gujarat",
        "lat": 24.1725,
        "lng": 72.4342
    },
    {
        "city": "Godhra",
        "state": "Gujarat",
        "lat": 22.7788,
        "lng": 73.6143
    },
    {
        "city": "Dahod",
        "state": "Gujarat",
        "lat": 22.8356,
        "lng": 74.2554
    },
    {
        "city": "Botad",
        "state": "Gujarat",
        "lat": 22.1718,
        "lng": 71.6708
    },
    {
        "city": "Amreli",
        "state": "Gujarat",
        "lat": 21.5993,
        "lng": 71.2161
    },
    {
        "city": "Bhavnagar",
        "state": "Gujarat",
        "lat": 21.7645,
        "lng": 72.1519
    },
    {
        "city": "Gandhidham",
        "state": "Gujarat",
        "lat": 23.0753,
        "lng": 70.1337
    },
    {
        "city": "Patan",
        "state": "Gujarat",
        "lat": 23.8493,
        "lng": 72.1266
    },
    {
        "city": "Nadiad",
        "state": "Gujarat",
        "lat": 22.6916,
        "lng": 72.8634
    },
    {
        "city": "Belgaum",
        "state": "Karnataka",
        "lat": 15.8497,
        "lng": 74.4977
    },
    {
        "city": "Gulbarga",
        "state": "Karnataka",
        "lat": 17.3297,
        "lng": 76.8343
    },
    {
        "city": "Bellary",
        "state": "Karnataka",
        "lat": 15.1394,
        "lng": 76.9214
    },
    {
        "city": "Shimoga",
        "state": "Karnataka",
        "lat": 13.9299,
        "lng": 75.568
    },
    {
        "city": "Tumkur",
        "state": "Karnataka",
        "lat": 13.3379,
        "lng": 77.101
    },
    {
        "city": "Raichur",
        "state": "Karnataka",
        "lat": 16.2076,
        "lng": 77.356
    },
    {
        "city": "Bidar",
        "state": "Karnataka",
        "lat": 17.9104,
        "lng": 77.5199
    },
    {
        "city": "Hospet",
        "state": "Karnataka",
        "lat": 15.2689,
        "lng": 76.3909
    },
    {
        "city": "Hassan",
        "state": "Karnataka",
        "lat": 13.0072,
        "lng": 76.0962
    },
    {
        "city": "Udupi",
        "state": "Karnataka",
        "lat": 13.3409,
        "lng": 74.7421
    },
    {
        "city": "Tirupati",
        "state": "Andhra Pradesh",
        "lat": 13.6288,
        "lng": 79.4192
    },
    {
        "city": "Kadapa",
        "state": "Andhra Pradesh",
        "lat": 14.4673,
        "lng": 78.8242
    },
    {
        "city": "Kakinada",
        "state": "Andhra Pradesh",
        "lat": 16.9891,
        "lng": 82.2475
    },
    {
        "city": "Rajahmundry",
        "state": "Andhra Pradesh",
        "lat": 17.0005,
        "lng": 81.8041
    },
    {
        "city": "Eluru",
        "state": "Andhra Pradesh",
        "lat": 16.7107,
        "lng": 81.0952
    },
    {
        "city": "Ongole",
        "state": "Andhra Pradesh",
        "lat": 15.5057,
        "lng": 80.0499
    },
    {
        "city": "Srikakulam",
        "state": "Andhra Pradesh",
        "lat": 18.2949,
        "lng": 83.8938
    },
    {
        "city": "Karimnagar",
        "state": "Telangana",
        "lat": 18.4386,
        "lng": 79.1288
    },
    {
        "city": "Nizamabad",
        "state": "Telangana",
        "lat": 18.6725,
        "lng": 78.0941
    },
    {
        "city": "Khammam",
        "state": "Telangana",
        "lat": 17.2473,
        "lng": 80.1514
    },
    {
        "city": "Mahbubnagar",
        "state": "Telangana",
        "lat": 16.737,
        "lng": 77.9848
    },
    {
        "city": "Nanded",
        "state": "Maharashtra",
        "lat": 19.1383,
        "lng": 77.321
    },
    {
        "city": "Sangli",
        "state": "Maharashtra",
        "lat": 16.8524,
        "lng": 74.5815
    },
    {
        "city": "Jalgaon",
        "state": "Maharashtra",
        "lat": 21.0077,
        "lng": 75.5626
    },
    {
        "city": "Akola",
        "state": "Maharashtra",
        "lat": 20.7002,
        "lng": 77.0082
    },
    {
        "city": "Latur",
        "state": "Maharashtra",
        "lat": 18.3967,
        "lng": 76.5645
    },
    {
        "city": "Ahmednagar",
        "state": "Maharashtra",
        "lat": 19.0948,
        "lng": 74.7479
    },
    {
        "city": "Chandrapur",
        "state": "Maharashtra",
        "lat": 19.9504,
        "lng": 79.2968
    },
    {
        "city": "Parbhani",
        "state": "Maharashtra",
        "lat": 19.2587,
        "lng": 76.7603
    },
    {
        "city": "Ichalkaranji",
        "state": "Maharashtra",
        "lat": 16.6903,
        "lng": 74.4663
    },
    {
        "city": "Satara",
        "state": "Maharashtra",
        "lat": 17.6805,
        "lng": 74.0183
    },
    {
        "city": "Aligarh",
        "state": "Uttar Pradesh",
        "lat": 27.8974,
        "lng": 78.088
    },
    {
        "city": "Moradabad",
        "state": "Uttar Pradesh",
        "lat": 28.8389,
        "lng": 78.7768
    },
    {
        "city": "Muzaffarnagar",
        "state": "Uttar Pradesh",
        "lat": 29.4727,
        "lng": 77.7085
    },
    {
        "city": "Shahjahanpur",
        "state": "Uttar Pradesh",
        "lat": 27.8766,
        "lng": 79.9108
    },
    {
        "city": "Rampur",
        "state": "Uttar Pradesh",
        "lat": 28.793,
        "lng": 79.026
    },
    {
        "city": "Etawah",
        "state": "Uttar Pradesh",
        "lat": 26.778,
        "lng": 79.0146
    },
    {
        "city": "Mirzapur",
        "state": "Uttar Pradesh",
        "lat": 25.1337,
        "lng": 82.5644
    },
    {
        "city": "Bulandshahr",
        "state": "Uttar Pradesh",
        "lat": 28.407,
        "lng": 77.8498
    },
    {
        "city": "Sambhal",
        "state": "Uttar Pradesh",
        "lat": 28.5839,
        "lng": 78.5699
    },
    {
        "city": "Amroha",
        "state": "Uttar Pradesh",
        "lat": 28.9044,
        "lng": 78.4673
    },
    {
        "city": "Hardoi",
        "state": "Uttar Pradesh",
        "lat": 27.3953,
        "lng": 80.131
    },
    {
        "city": "Fatehpur",
        "state": "Uttar Pradesh",
        "lat": 25.9272,
        "lng": 80.8138
    },
    {
        "city": "Raebareli",
        "state": "Uttar Pradesh",
        "lat": 26.2345,
        "lng": 81.2329
    },
    {
        "city": "Orai",
        "state": "Uttar Pradesh",
        "lat": 25.9895,
        "lng": 79.4533
    },
    {
        "city": "Sitapur",
        "state": "Uttar Pradesh",
        "lat": 27.5651,
        "lng": 80.6838
    },
    {
        "city": "Bahraich",
        "state": "Uttar Pradesh",
        "lat": 27.5754,
        "lng": 81.594
    },
    {
        "city": "Unnao",
        "state": "Uttar Pradesh",
        "lat": 26.5393,
        "lng": 80.4879
    },
    {
        "city": "Sultanpur",
        "state": "Uttar Pradesh",
        "lat": 26.2652,
        "lng": 82.0716
    },
    {
        "city": "Pilibhit",
        "state": "Uttar Pradesh",
        "lat": 28.6282,
        "lng": 79.8035
    },
    {
        "city": "Lakhimpur",
        "state": "Uttar Pradesh",
        "lat": 27.947,
        "lng": 80.7793
    },
    {
        "city": "Muzaffarpur",
        "state": "Bihar",
        "lat": 26.1209,
        "lng": 85.3647
    },
    {
        "city": "Gaya",
        "state": "Bihar",
        "lat": 24.7914,
        "lng": 85.0002
    },
    {
        "city": "Bhagalpur",
        "state": "Bihar",
        "lat": 25.2425,
        "lng": 86.9842
    },
    {
        "city": "Darbhanga",
        "state": "Bihar",
        "lat": 26.1542,
        "lng": 85.8918
    },
    {
        "city": "Purnia",
        "state": "Bihar",
        "lat": 25.7771,
        "lng": 87.4753
    },
    {
        "city": "Bihar Sharif",
        "state": "Bihar",
        "lat": 25.1982,
        "lng": 85.5238
    },
    {
        "city": "Arrah",
        "state": "Bihar",
        "lat": 25.5564,
        "lng": 84.6635
    },
    {
        "city": "Begusarai",
        "state": "Bihar",
        "lat": 25.4182,
        "lng": 86.1272
    },
    {
        "city": "Katihar",
        "state": "Bihar",
        "lat": 25.5392,
        "lng": 87.5719
    },
    {
        "city": "Munger",
        "state": "Bihar",
        "lat": 25.3708,
        "lng": 86.4735
    },
    {
        "city": "Chhapra",
        "state": "Bihar",
        "lat": 25.7804,
        "lng": 84.7514
    },
    {
        "city": "Bettiah",
        "state": "Bihar",
        "lat": 26.8,
        "lng": 84.517
    },
    {
        "city": "Samastipur",
        "state": "Bihar",
        "lat": 25.8628,
        "lng": 85.7813
    },
    {
        "city": "Jalandhar",
        "state": "Punjab",
        "lat": 31.326,
        "lng": 75.5762
    },
    {
        "city": "Patiala",
        "state": "Punjab",
        "lat": 30.3398,
        "lng": 76.3869
    },
    {
        "city": "Bathinda",
        "state": "Punjab",
        "lat": 30.2104,
        "lng": 74.9455
    },
    {
        "city": "Hoshiarpur",
        "state": "Punjab",
        "lat": 31.5143,
        "lng": 75.9115
    },
    {
        "city": "Mohali",
        "state": "Punjab",
        "lat": 30.7046,
        "lng": 76.7179
    },
    {
        "city": "Pathankot",
        "state": "Punjab",
        "lat": 32.2643,
        "lng": 75.6421
    },
    {
        "city": "Moga",
        "state": "Punjab",
        "lat": 30.8166,
        "lng": 75.1718
    },
    {
        "city": "Abohar",
        "state": "Punjab",
        "lat": 30.1445,
        "lng": 74.1989
    },
    {
        "city": "Ambala",
        "state": "Haryana",
        "lat": 30.378,
        "lng": 76.7764
    },
    {
        "city": "Panipat",
        "state": "Haryana",
        "lat": 29.3909,
        "lng": 76.9635
    },
    {
        "city": "Yamunanagar",
        "state": "Haryana",
        "lat": 30.129,
        "lng": 77.2674
    },
    {
        "city": "Rohtak",
        "state": "Haryana",
        "lat": 28.8955,
        "lng": 76.6066
    },
    {
        "city": "Hisar",
        "state": "Haryana",
        "lat": 29.1492,
        "lng": 75.7217
    },
    {
        "city": "Karnal",
        "state": "Haryana",
        "lat": 29.6857,
        "lng": 76.9905
    },
    {
        "city": "Sonipat",
        "state": "Haryana",
        "lat": 28.9288,
        "lng": 77.0913
    },
    {
        "city": "Bhiwani",
        "state": "Haryana",
        "lat": 28.7751,
        "lng": 76.1322
    },
    {
        "city": "Sirsa",
        "state": "Haryana",
        "lat": 29.5349,
        "lng": 75.028
    },
    {
        "city": "Jind",
        "state": "Haryana",
        "lat": 29.3163,
        "lng": 76.3141
    },
    {
        "city": "Thanesar",
        "state": "Haryana",
        "lat": 29.9679,
        "lng": 76.8189
    },
    {
        "city": "Kaithal",
        "state": "Haryana",
        "lat": 29.8015,
        "lng": 76.3988
    },
    {
        "city": "Rewari",
        "state": "Haryana",
        "lat": 28.1904,
        "lng": 76.619
    },
    {
        "city": "Palwal",
        "state": "Haryana",
        "lat": 28.1487,
        "lng": 77.3307
    },
    {
        "city": "Rourkela",
        "state": "Odisha",
        "lat": 22.2604,
        "lng": 84.8536
    },
    {
        "city": "Berhampur",
        "state": "Odisha",
        "lat": 19.315,
        "lng": 84.7941
    },
    {
        "city": "Sambalpur",
        "state": "Odisha",
        "lat": 21.4669,
        "lng": 83.9812
    },
    {
        "city": "Balasore",
        "state": "Odisha",
        "lat": 21.4942,
        "lng": 86.9317
    },
    {
        "city": "Puri",
        "state": "Odisha",
        "lat": 19.7983,
        "lng": 85.8249
    },
    {
        "city": "Durg",
        "state": "Chhattisgarh",
        "lat": 21.1904,
        "lng": 81.2849
    },
    {
        "city": "Korba",
        "state": "Chhattisgarh",
        "lat": 22.3595,
        "lng": 82.7501
    },
    {
        "city": "Rajnandgaon",
        "state": "Chhattisgarh",
        "lat": 21.0974,
        "lng": 81.028
    },
    {
        "city": "Dibrugarh",
        "state": "Assam",
        "lat": 27.4728,
        "lng": 94.9119
    },
    {
        "city": "Jorhat",
        "state": "Assam",
        "lat": 26.7509,
        "lng": 94.2037
    },
    {
        "city": "Silchar",
        "state": "Assam",
        "lat": 24.8333,
        "lng": 92.7789
    },
    {
        "city": "Tezpur",
        "state": "Assam",
        "lat": 26.6338,
        "lng": 92.7839
    },
    {
        "city": "Nagaon",
        "state": "Assam",
        "lat": 26.3465,
        "lng": 92.6832
    },
    {
        "city": "Sri Ganganagar",
        "state": "Rajasthan",
        "lat": 29.9038,
        "lng": 73.8772
    },
    {
        "city": "Alwar",
        "state": "Rajasthan",
        "lat": 27.5536,
        "lng": 76.6346
    },
    {
        "city": "Bhilwara",
        "state": "Rajasthan",
        "lat": 25.3407,
        "lng": 74.6313
    },
    {
        "city": "Bharatpur",
        "state": "Rajasthan",
        "lat": 27.217,
        "lng": 77.49
    },
    {
        "city": "Sikar",
        "state": "Rajasthan",
        "lat": 27.6094,
        "lng": 75.1399
    },
    {
        "city": "Pali",
        "state": "Rajasthan",
        "lat": 25.7711,
        "lng": 73.3234
    },
    {
        "city": "Tonk",
        "state": "Rajasthan",
        "lat": 26.1505,
        "lng": 75.7884
    },
    {
        "city": "Kishangarh",
        "state": "Rajasthan",
        "lat": 26.5918,
        "lng": 74.8543
    },
    {
        "city": "Beawar",
        "state": "Rajasthan",
        "lat": 26.1011,
        "lng": 74.3188
    },
    {
        "city": "Hanumangarh",
        "state": "Rajasthan",
        "lat": 29.5813,
        "lng": 74.3294
    },
    {
        "city": "Dhaulpur",
        "state": "Rajasthan",
        "lat": 26.6922,
        "lng": 77.8638
    },
    {
        "city": "Gangapur",
        "state": "Rajasthan",
        "lat": 26.4725,
        "lng": 76.7234
    },
    {
        "city": "Sawai Madhopur",
        "state": "Rajasthan",
        "lat": 26.0234,
        "lng": 76.3465
    },
    {
        "city": "Churu",
        "state": "Rajasthan",
        "lat": 28.2936,
        "lng": 74.9668
    },
    {
        "city": "Jhunjhunu",
        "state": "Rajasthan",
        "lat": 28.128,
        "lng": 75.3988
    },
    {
        "city": "Barmer",
        "state": "Rajasthan",
        "lat": 25.7496,
        "lng": 71.3923
    },
    {
        "city": "Sagar",
        "state": "Madhya Pradesh",
        "lat": 23.8388,
        "lng": 78.7378
    },
    {
        "city": "Dewas",
        "state": "Madhya Pradesh",
        "lat": 22.9623,
        "lng": 76.0508
    },
    {
        "city": "Satna",
        "state": "Madhya Pradesh",
        "lat": 24.5771,
        "lng": 80.8322
    },
    {
        "city": "Ratlam",
        "state": "Madhya Pradesh",
        "lat": 23.3315,
        "lng": 75.0367
    },
    {
        "city": "Rewa",
        "state": "Madhya Pradesh",
        "lat": 24.5362,
        "lng": 81.2971
    },
    {
        "city": "Murwara",
        "state": "Madhya Pradesh",
        "lat": 23.8388,
        "lng": 80.3941
    },
    {
        "city": "Singrauli",
        "state": "Madhya Pradesh",
        "lat": 24.1996,
        "lng": 82.6742
    },
    {
        "city": "Burhanpur",
        "state": "Madhya Pradesh",
        "lat": 21.3124,
        "lng": 76.2301
    },
    {
        "city": "Khandwa",
        "state": "Madhya Pradesh",
        "lat": 21.8257,
        "lng": 76.3536
    },
    {
        "city": "Morena",
        "state": "Madhya Pradesh",
        "lat": 26.4942,
        "lng": 77.9954
    },
    {
        "city": "Bhind",
        "state": "Madhya Pradesh",
        "lat": 26.5642,
        "lng": 78.7868
    },
    {
        "city": "Chhindwara",
        "state": "Madhya Pradesh",
        "lat": 22.0574,
        "lng": 78.9382
    },
    {
        "city": "Guna",
        "state": "Madhya Pradesh",
        "lat": 24.6334,
        "lng": 77.3119
    },
    {
        "city": "Shivpuri",
        "state": "Madhya Pradesh",
        "lat": 25.424,
        "lng": 77.6601
    },
    {
        "city": "Vidisha",
        "state": "Madhya Pradesh",
        "lat": 23.5251,
        "lng": 77.8081
    },
    {
        "city": "Damoh",
        "state": "Madhya Pradesh",
        "lat": 23.8364,
        "lng": 79.4418
    },
    {
        "city": "Chhatarpur",
        "state": "Madhya Pradesh",
        "lat": 24.919,
        "lng": 79.5902
    },
    {
        "city": "Mandsaur",
        "state": "Madhya Pradesh",
        "lat": 24.0693,
        "lng": 75.07
    },
    {
        "city": "Neemuch",
        "state": "Madhya Pradesh",
        "lat": 24.4692,
        "lng": 74.8622
    },
    {
        "city": "Nalgonda",
        "state": "Telangana",
        "lat": 17.0575,
        "lng": 79.2665
    },
    {
        "city": "Adilabad",
        "state": "Telangana",
        "lat": 19.6641,
        "lng": 78.5322
    },
    {
        "city": "Kozhikode",
        "state": "Kerala",
        "lat": 11.2588,
        "lng": 75.7804
    },
    {
        "city": "Kollam",
        "state": "Kerala",
        "lat": 8.8932,
        "lng": 76.6141
    },
    {
        "city": "Thrissur",
        "state": "Kerala",
        "lat": 10.5276,
        "lng": 76.2144
    },
    {
        "city": "Palakkad",
        "state": "Kerala",
        "lat": 10.7867,
        "lng": 76.6548
    },
    {
        "city": "Alappuzha",
        "state": "Kerala",
        "lat": 9.4981,
        "lng": 76.3388
    },
    {
        "city": "Kannur",
        "state": "Kerala",
        "lat": 11.8745,
        "lng": 75.3704
    },
    {
        "city": "Kottayam",
        "state": "Kerala",
        "lat": 9.5916,
        "lng": 76.5222
    },
    {
        "city": "Malappuram",
        "state": "Kerala",
        "lat": 11.0417,
        "lng": 76.0756
    },
    {
        "city": "Kasaragod",
        "state": "Kerala",
        "lat": 12.4996,
        "lng": 74.9869
    },
    {
        "city": "Thalassery",
        "state": "Kerala",
        "lat": 11.7468,
        "lng": 75.4906
    },
    {
        "city": "Thanjavur",
        "state": "Tamil Nadu",
        "lat": 10.787,
        "lng": 79.1378
    },
    {
        "city": "Dindigul",
        "state": "Tamil Nadu",
        "lat": 10.3673,
        "lng": 77.9803
    },
    {
        "city": "Cuddalore",
        "state": "Tamil Nadu",
        "lat": 11.748,
        "lng": 79.7714
    },
    {
        "city": "Kanchipuram",
        "state": "Tamil Nadu",
        "lat": 12.8342,
        "lng": 79.7036
    },
    {
        "city": "Nagercoil",
        "state": "Tamil Nadu",
        "lat": 8.1833,
        "lng": 77.4119
    },
    {
        "city": "Kumbakonam",
        "state": "Tamil Nadu",
        "lat": 10.9617,
        "lng": 79.3845
    },
    {
        "city": "Rajapalayam",
        "state": "Tamil Nadu",
        "lat": 9.4502,
        "lng": 77.554
    },
    {
        "city": "Pudukkottai",
        "state": "Tamil Nadu",
        "lat": 10.381,
        "lng": 78.82
    },
    {
        "city": "Karur",
        "state": "Tamil Nadu",
        "lat": 10.9601,
        "lng": 78.0766
    },
    {
        "city": "Hosur",
        "state": "Tamil Nadu",
        "lat": 12.7409,
        "lng": 77.8253
    },
    {
        "city": "Nandyal",
        "state": "Andhra Pradesh",
        "lat": 15.4785,
        "lng": 78.4836
    },
    {
        "city": "Machilipatnam",
        "state": "Andhra Pradesh",
        "lat": 16.1875,
        "lng": 81.1389
    },
    {
        "city": "Tenali",
        "state": "Andhra Pradesh",
        "lat": 16.2372,
        "lng": 80.6498
    },
    {
        "city": "Proddatur",
        "state": "Andhra Pradesh",
        "lat": 14.7502,
        "lng": 78.5482
    },
    {
        "city": "Adoni",
        "state": "Andhra Pradesh",
        "lat": 15.6266,
        "lng": 77.2748
    },
    {
        "city": "Madanapalle",
        "state": "Andhra Pradesh",
        "lat": 13.5504,
        "lng": 78.5029
    },
    {
        "city": "Chirala",
        "state": "Andhra Pradesh",
        "lat": 15.824,
        "lng": 80.352
    },
    {
        "city": "Anakapalle",
        "state": "Andhra Pradesh",
        "lat": 17.6914,
        "lng": 83.0042
    },
    {
        "city": "Greater Noida",
        "state": "Uttar Pradesh",
        "lat": 28.4744,
        "lng": 77.504
    },
    {
        "city": "Prayagraj",
        "state": "Uttar Pradesh",
        "lat": 25.4358,
        "lng": 81.8463
    },
    {
        "city": "Ayodhya",
        "state": "Uttar Pradesh",
        "lat": 26.7922,
        "lng": 82.1998
    },
    {
        "city": "Haridwar",
        "state": "Uttarakhand",
        "lat": 29.9457,
        "lng": 78.1642
    },
    {
        "city": "Rishikesh",
        "state": "Uttarakhand",
        "lat": 30.0869,
        "lng": 78.2676
    },
    {
        "city": "Haldwani",
        "state": "Uttarakhand",
        "lat": 29.2183,
        "lng": 79.5133
    },
    {
        "city": "Kashipur",
        "state": "Uttarakhand",
        "lat": 29.2104,
        "lng": 78.961
    },
    {
        "city": "Rudrapur",
        "state": "Uttarakhand",
        "lat": 28.974,
        "lng": 79.3991
    },
    {
        "city": "Roorkee",
        "state": "Uttarakhand",
        "lat": 29.8543,
        "lng": 77.888
    },
    {
        "city": "Nainital",
        "state": "Uttarakhand",
        "lat": 29.3803,
        "lng": 79.4636
    },
    {
        "city": "Bokaro",
        "state": "Jharkhand",
        "lat": 23.6693,
        "lng": 86.1511
    },
    {
        "city": "Deoghar",
        "state": "Jharkhand",
        "lat": 24.4764,
        "lng": 86.6944
    },
    {
        "city": "Hazaribagh",
        "state": "Jharkhand",
        "lat": 23.9932,
        "lng": 85.3637
    },
    {
        "city": "Giridih",
        "state": "Jharkhand",
        "lat": 24.1854,
        "lng": 86.3001
    },
    {
        "city": "Ramgarh",
        "state": "Jharkhand",
        "lat": 23.6313,
        "lng": 85.5109
    },
    {
        "city": "Medininagar",
        "state": "Jharkhand",
        "lat": 24.2076,
        "lng": 84.0724
    },
    {
        "city": "Chapra",
        "state": "Bihar",
        "lat": 25.7804,
        "lng": 84.7514
    },
    {
        "city": "Sasaram",
        "state": "Bihar",
        "lat": 24.9547,
        "lng": 84.0313
    },
    {
        "city": "Hajipur",
        "state": "Bihar",
        "lat": 25.6832,
        "lng": 85.2086
    },
    {
        "city": "Dehri",
        "state": "Bihar",
        "lat": 24.9042,
        "lng": 84.1752
    },
    {
        "city": "Siwan",
        "state": "Bihar",
        "lat": 26.2214,
        "lng": 84.3609
    },
    {
        "city": "Motihari",
        "state": "Bihar",
        "lat": 26.6618,
        "lng": 84.9219
    },
    {
        "city": "Nawada",
        "state": "Bihar",
        "lat": 24.8866,
        "lng": 85.5388
    },
    {
        "city": "Bagaha",
        "state": "Bihar",
        "lat": 27.0912,
        "lng": 84.0739
    },
    {
        "city": "Buxar",
        "state": "Bihar",
        "lat": 25.5643,
        "lng": 83.9777
    },
    {
        "city": "Kishanganj",
        "state": "Bihar",
        "lat": 26.095,
        "lng": 87.9471
    },
    {
        "city": "Jamalpur",
        "state": "Bihar",
        "lat": 25.3133,
        "lng": 86.4885
    },
    {
        "city": "Jehanabad",
        "state": "Bihar",
        "lat": 25.2084,
        "lng": 84.9889
    }
]